,Date,User,Tweet
0,2019-03-30 17:32:30+00:00,ironorehopper,"#HK, Suspected #MERS #Coronavirus case reported (CHP, Mar. 30 ‚Äò19) https://t.co/BkjIZUP65o on @bloglovin"
1,2019-03-30 16:08:44+00:00,ironorehopper,"#HK, Suspected #MERS #Coronavirus case reported (CHP, Mar. 30 ‚Äò19) https://t.co/TqjnERK5I8"
2,2019-03-29 18:14:09+00:00,ironorehopper,Middle East respiratory syndrome #coronavirus (#MERS-CoV) ‚Äì #Saudi Arabia... https://t.co/pAnOeqE7Da on @bloglovin
3,2019-03-29 17:14:30+00:00,ironorehopper,"Two New #MERS #Coronavirus Cases reported by #Saudi Arabia (MoH, March 29 '19) https://t.co/Zx2DWeIQQ1 on @bloglovin"
4,2019-03-29 17:08:26+00:00,ironorehopper,"Middle East respiratory syndrome #coronavirus (#MERS-CoV) ‚Äì #Saudi Arabia (@WHO, Mar. 29 ‚Äò19) https://t.co/BtT0BRS8Mw"
5,2019-03-29 16:20:46+00:00,ironorehopper,"Two New #MERS #Coronavirus Cases reported by #Saudi Arabia (MoH, March 29 '19) https://t.co/l5H7XFAtuG"
6,2019-03-28 14:28:42+00:00,MarkDan65745623,"Register: https://t.co/AIOieRPhka 
Attend our Euro Virology Conference at Valencia, Spain during July 01-02, 2019. 
#virus #microbiology #research #viralepidemiology #filoviruses #coronavirus #hantavirus #enteroviruses #rnavirus #rabiesvirus"
7,2019-03-28 14:00:34+00:00,BioFireDX,"Respiratory season isn‚Äôt over yet! #Influenza A is still on the rise‚Äîthe H1-2009 strain may be down, but H3 is picking up the slack with the help of #Coronavirus. See the latest real-time pathogen data from BioFire¬Æ Syndromic Trends at https://t.co/FJr4HZIGWO #SyndromicTrends https://t.co/PSN0GAOgA0"
8,2019-03-28 11:23:16+00:00,EVirusBioinfC,Coffee break after a first great session about #coronavirus host interactions and virus-host-coinfection at the #EVBC2019 in #glasgow! https://t.co/MaTNzpErkL
9,2019-03-28 09:43:08+00:00,ironorehopper,"Two New #MERS #Coronavirus Cases reported by #Saudi Arabia (MoH, March 28 '19) https://t.co/9laAaAL9OJ on @bloglovin"
10,2019-03-28 09:09:06+00:00,ironorehopper,"Two New #MERS #Coronavirus Cases reported by #Saudi Arabia (MoH, March 28 '19) https://t.co/Ewq2toUo5H"
11,2019-03-27 16:24:15+00:00,ironorehopper,"Two New #MERS #Coronavirus Cases reported by #Saudi Arabia (MoH, March 27 '19) https://t.co/TC8SRhjxow on @bloglovin"
12,2019-03-27 15:55:28+00:00,ironorehopper,"Two New #MERS #Coronavirus Cases reported by #Saudi Arabia (MoH, March 27 '19) https://t.co/INVmtj4vO9"
13,2019-03-27 12:41:51+00:00,vetrehberi,"K√∂peklerde Coronavirus Gastroenteritis (Canine Coronavirus) Enfeksiyonu

#k√∂pek #dog #dogs #canine #corona #coronavirus #gastroenteritis #vet #veteran #veterinary #veterinaria #veterinerhekim #veteriner #hekim #animal #vetrehberi #vetrehbericom #zoo https://t.co/6U8udhjbZh"
14,2019-03-27 08:28:35+00:00,ironorehopper,"Antagonism of dsRNA-Induced Innate #Immune Pathways by NS4a and NS4b Accessory #Proteins during #MERS #Coronavirus #Infection (mBio,¬†abstract) https://t.co/EP1mMSfXP8"
15,2019-03-26 13:05:26+00:00,MarkDan65745623,"Submit an abstract of your latest findings at Euro Virology 2019 in Valencia, Spain from July 1-2, 2019 
Find More Influential Speakers at: https://t.co/AIOieRPhka
#virus #microbiology #research #retrovirus #viralhepatitis #herpesvirus #coronavirus #oncovirus"
16,2019-03-25 20:46:46+00:00,ironorehopper,"Comparative #Serological Study for the #Prevalence of Anti- #MERS #Coronavirus #Antibodies in High- and Low-Risk Groups in #Qatar (J Immunol Res.,¬†abstract) https://t.co/M7Ck2ZvKHD"
17,2019-03-25 16:34:09+00:00,ironorehopper,"One New #MERS #Coronavirus Case reported by #Saudi Arabia (MoH, March 25 '19). https://t.co/y9vuLeGUW6 on @bloglovin"
18,2019-03-25 16:00:49+00:00,ironorehopper,"One New #MERS #Coronavirus Case reported by #Saudi Arabia (MoH, March 25 '19). https://t.co/Xd6dIkIgz0"
19,2019-03-23 16:52:08+00:00,ironorehopper,"#HK, Suspected #MERS #Coronavirus case reported (CHP, Mar. 23 ‚Äò19) https://t.co/cUxgZLIYLI on @bloglovin"
20,2019-03-23 16:32:23+00:00,ironorehopper,"#HK, Suspected #MERS #Coronavirus case reported (CHP, Mar. 23 ‚Äò19) https://t.co/U52gdpOP1l"
21,2019-03-23 10:00:36+00:00,Albinovet,"Feline #coronavirus seems not to localise in the semen of tom cats, making the venereal route as a way of transmission unlikely. Although viral RNA was found in some testicles. Hence  artificial insemination appears safer than natural mating https://t.co/y1W3MIiqld"
22,2019-03-22 17:01:37+00:00,ironorehopper,"Sequential #Emergence and Wide Spread of Neutralization #Escape #MERS #Coronavirus #Mutants, South #Korea, 2015 (Emerg Infect Dis.,¬†abstract) https://t.co/0B901lFbVu"
23,2019-03-22 16:31:31+00:00,ironorehopper,"One New #MERS #Coronavirus Case reported by #Saudi Arabia (MoH, March 22 '19). https://t.co/IMVSDNgkqK on @bloglovin"
24,2019-03-22 16:01:46+00:00,ironorehopper,"One New #MERS #Coronavirus Case reported by #Saudi Arabia (MoH, March 22 '19). https://t.co/uD64u5EaLt"
25,2019-03-19 16:58:11+00:00,ironorehopper,"#HK, Suspected #MERS #Coronavirus case reported (CHP, Mar. 19 ‚Äò19) https://t.co/JlhALlnOZc on @bloglovin"
26,2019-03-19 16:06:19+00:00,ironorehopper,"#HK, Suspected #MERS #Coronavirus case reported (CHP, Mar. 19 ‚Äò19) https://t.co/ufxoFLk8v9"
27,2019-03-19 14:18:13+00:00,MarkDan65745623,"https://t.co/AIOieS6SbI
Be part of the biggest global event in the field of #Eurovirology 2019 at Valencia, Spain from July 1-2, 2019 
#virology #microbiology #paediatricviralinfections #viralvectors #genetherapy #antiviral #vectorborneinfections #coronavirus https://t.co/UAVWkcIpfY"
28,2019-03-18 17:30:29+00:00,ironorehopper,"#MERS #Coronavirus, #Saudi Arabia [a #camels #outbreak in Arar] (#OIE, Mar.... https://t.co/2sJvkFdsa1 on @bloglovin"
29,2019-03-18 16:41:18+00:00,ironorehopper,"#MERS #Coronavirus, #Saudi Arabia [a #camels #outbreak in Arar] (#OIE, Mar. 18 ‚Äò19) https://t.co/4DN6nMw9OK"
30,2019-03-18 11:13:49+00:00,AlCeramics,"With a vision to provide healthy lifestyle Al Maha ceramics touching the new heights in providing quality ceramic tiles. 
#almahaceramics #ceramictiles #antibacterialtiles #coronavirus #mers #antimicrobial #iprotect #barid https://t.co/9b0uOHE7us"
31,2019-03-16 16:59:28+00:00,ironorehopper,"One New #MERS #Coronavirus Case reported by #Saudi Arabia (MoH, March 16 '19) https://t.co/yhy8S3cpL0 on @bloglovin"
32,2019-03-16 15:54:33+00:00,ironorehopper,"One New #MERS #Coronavirus Case reported by #Saudi Arabia (MoH, March 16 '19) https://t.co/QIHIdysTLD"
33,2019-03-15 17:38:06+00:00,ironorehopper,#MERS #coronavirus infection in non-camelid domestic #mammals (Emerg Microbes... https://t.co/tzK6CePN1U on @bloglovin
34,2019-03-15 17:38:06+00:00,ironorehopper,#Global #status of #MERS #coronavirus in dromedary #camels: a systematic... https://t.co/rcIBukPle8 on @bloglovin
35,2019-03-15 17:27:50+00:00,ironorehopper,"#MERS #coronavirus infection in non-camelid domestic #mammals (Emerg Microbes Infect.,¬†abstract) https://t.co/1wF6gXnuMJ"
36,2019-03-15 17:25:05+00:00,ironorehopper,"#Global #status of #MERS #coronavirus in dromedary #camels: a systematic review (Epidemiol Infect.,¬†abstract) https://t.co/9BJu7XHGt6"
37,2019-03-15 16:34:30+00:00,ironorehopper,"Two New #MERS #Coronavirus Cases reported by #Saudi Arabia (MoH, March 15 '19) https://t.co/e7V755e5h9 on @bloglovin"
38,2019-03-15 16:02:19+00:00,ironorehopper,"Two New #MERS #Coronavirus Cases reported by #Saudi Arabia (MoH, March 15 '19) https://t.co/vgh6JsG3F7"
39,2019-03-14 03:19:03+00:00,thelonevirologi,The Infectious Bronchitis #Coronavirus Envelope Protein Alters Golgi pH to Protect Spike Protein and Promote Release of Infectious Virus https://t.co/gSHqNo2XNg
40,2019-03-13 20:35:17+00:00,ironorehopper,"#MERS #Coronavirus #Infection #Dynamics and #Antibody Responses among Clinically Diverse #Patients, #Saudi Arabia (Emerg Infect Dis.,¬†abstract) https://t.co/bHIVapkR8E"
41,2019-03-12 17:17:05+00:00,ironorehopper,"Middle East Respiratory Syndrome #Coronavirus (#MERS-Cov), #Kenya [six... https://t.co/NSvgApw5uu on @bloglovin"
42,2019-03-12 17:05:51+00:00,ironorehopper,"Middle East Respiratory Syndrome #Coronavirus (#MERS-Cov), #Kenya [six #camels #outbreaks] (#OIE, Mar. 12 ‚Äò19) https://t.co/8hgasCGq6y"
43,2019-03-12 16:11:38+00:00,ironorehopper,"Two New #MERS #Coronavirus Cases reported by #Saudi Arabia (MoH, March 12 '19) https://t.co/LIpuU1jHvd on @bloglovin"
44,2019-03-12 16:07:34+00:00,ironorehopper,"Two New #MERS #Coronavirus Cases reported by #Saudi Arabia (MoH, March 12 '19) https://t.co/1TbBvOxhxV"
45,2019-03-11 16:49:34+00:00,ironorehopper,"One New #MERS #Coronavirus Case reported by #Saudi Arabia (MoH, March 11 '19) https://t.co/AS3HDa1QZs on @bloglovin"
46,2019-03-11 15:58:24+00:00,ironorehopper,"One New #MERS #Coronavirus Case reported by #Saudi Arabia (MoH, March 11 '19) https://t.co/I3YEe91GXs"
47,2019-03-11 11:07:02+00:00,lovevetmed,"If you adopt a cat from a shelter or the street, always test for Feline Coronavirus. If the test is negative ‚Äì vaccinate if a vaccine is available.
https://t.co/80u9EU8s6d

#article #blog #infographic #cats #FIP #coronavirus #veterinarymedicine #iloveveterinary #lovevetmed"
48,2019-03-11 09:32:40+00:00,InfDiseasesNow,"Hi everyone! This week, find out #papers about #MERS-CoV #published in #MMI!
Bonjour √† tous, cette semaine, retrouvez les #articles traitant du MERS-CoV publi√©s dans MMI !

=&gt;https://t.co/FLeqI2uaZr üê´üò∑

#MondayMotivation #coronavirus #infection #Emerging #InfectiousDiseases https://t.co/79lkREvWlR"
49,2019-03-11 08:18:27+00:00,C10H18N4O6,"He causes Middle East respiratory syndrome, a fatal respiratory illness. 

#Virus
#MERSCoV
#MiddleEastRespiratorySyndromeCoronaVirus
#CoronaVirus
#MiddleEastRespiratorySyndrome
#FilmArray
#RespiratoryPanel2plus
#BioFire
#Biom√©rieux 
#ProductDemonstration https://t.co/Xkd0iBvDnn"
50,2019-03-10 17:17:31+00:00,ironorehopper,"Two New #MERS #Coronavirus Cases reported by #Saudi Arabia (MoH, March 10 '19) https://t.co/RwcHCqw34D on @bloglovin"
51,2019-03-10 16:46:16+00:00,ironorehopper,"Two New #MERS #Coronavirus Cases reported by #Saudi Arabia (MoH, March 10 '19) https://t.co/Y5lUdcUnJ3"
52,2019-03-10 16:20:00+00:00,MicrobesInfect,"Oman reports 8 more #MERS-CoV cases, some of which - including 2 fatalities - are part of a 2nd illness cluster &amp; others apparently part of an earlier cluster.

Saudi Arabian, meanwhile, reported 4 new MERS-CoV cases, 3 of them in Riyadh.

https://t.co/Md63aoCMSN #coronavirus https://t.co/WEkM3SDaBY"
53,2019-03-10 10:14:32+00:00,ironorehopper,"#MERS #Coronavirus, #Situation #Update, February 2019 (@WHO EMRO, Mar. 10 ‚Äò19) https://t.co/prSnltqpOI on @bloglovin"
54,2019-03-10 09:49:16+00:00,ironorehopper,"#MERS #Coronavirus, #Situation #Update, February 2019 (@WHO EMRO, Mar. 10 ‚Äò19) https://t.co/jdsd77PdSM"
55,2019-03-09 17:05:31+00:00,ironorehopper,"Two New #MERS #Coronavirus Cases reported by #Saudi Arabia (MoH, March 9 '19). https://t.co/TzQAI3tTvl on @bloglovin"
56,2019-03-09 16:03:09+00:00,ironorehopper,"Two New #MERS #Coronavirus Cases reported by #Saudi Arabia (MoH, March 9 '19). https://t.co/J4FsE0VNOc"
57,2019-03-08 16:40:32+00:00,ironorehopper,"One New #MERS #Coronavirus Case reported by #Saudi Arabia (MoH, March 8 '19) https://t.co/4FgY5dTBDC on @bloglovin"
58,2019-03-08 15:52:20+00:00,ironorehopper,"One New #MERS #Coronavirus Case reported by #Saudi Arabia (MoH, March 8 '19) https://t.co/pgICdkVvUZ"
59,2019-03-07 20:32:35+00:00,SmallRedOne,We‚Äôre now testing routinely for seasonal human coronaviruses in Wales and seem to be seeing higher numbers this season than I expected. Is this normal? #coronavirus #respiratoryviruses @ESCVirology
60,2019-03-07 16:14:08+00:00,ironorehopper,"Two New #MERS #Coronavirus Cases reported by #Saudi Arabia (MoH, March 7 '19) https://t.co/0KGtRL58wc on @bloglovin"
61,2019-03-07 15:55:38+00:00,ironorehopper,"Two New #MERS #Coronavirus Cases reported by #Saudi Arabia (MoH, March 7 '19) https://t.co/ZNGf4RatcN"
62,2019-03-06 17:32:08+00:00,ironorehopper,Efficacy of an Adjuvanted #MERS #Coronavirus Spike Protein #Vaccine in... https://t.co/cKhsMJrXRS on @bloglovin
63,2019-03-06 17:17:02+00:00,ironorehopper,"Efficacy of an Adjuvanted #MERS #Coronavirus Spike Protein #Vaccine in Dromedary #Camels and #Alpacas (Viruses,¬†abstract) https://t.co/AiGZQREc7E"
64,2019-03-06 16:55:33+00:00,DijkmanRonald,The first camelid single cell RNA sequences are on their way! The first step for the BSL3-work that is soon to come. @10xGenomics @unibern #SingleCell #scRNAseq #Coronavirus #Zoonosis https://t.co/pe4gKMTUo3
65,2019-03-06 09:55:09+00:00,ironorehopper,"One New #MERS #Coronavirus Case reported by #Saudi Arabia (MoH, March 6 '19) https://t.co/xWE82zZhHu on @bloglovin"
66,2019-03-06 09:50:33+00:00,VirusesMDPI,Enhanced Ability of Oligomeric Nanobodies Targeting #MERS #Coronavirus  Receptor-Binding Domain. The engineered Nbs could be developed into effective therapeutic agents for prevention and treatment of MERS-CoV  infection. View Full-Text: https://t.co/zyrHvi6uFb https://t.co/VkVIfKMr08
67,2019-03-06 09:38:43+00:00,ironorehopper,"One New #MERS #Coronavirus Case reported by #Saudi Arabia (MoH, March 6 '19) https://t.co/3C9fVYjHpy"
68,2019-03-05 17:33:05+00:00,ironorehopper,"#MERS #Coronavirus, #Saudi Arabia [a #camels outbreak] (#OIE, Mar. 5 ‚Äò19) https://t.co/kMZYv9ZRGl on @bloglovin"
69,2019-03-05 17:33:04+00:00,ironorehopper,"Four New #MERS #Coronavirus Cases reported by #Saudi Arabia (MoH, March 5 '19) https://t.co/u2l9L4sI33 on @bloglovin"
70,2019-03-05 16:34:51+00:00,ironorehopper,"#MERS #Coronavirus, #Saudi Arabia [a #camels outbreak] (#OIE, Mar. 5 ‚Äò19) https://t.co/DC0EMPRL6P"
71,2019-03-05 16:00:35+00:00,ironorehopper,"Four New #MERS #Coronavirus Cases reported by #Saudi Arabia (MoH, March 5 '19) https://t.co/xetPKhW9eb"
72,2019-03-04 21:04:11+00:00,ironorehopper,"Middle East respiratory syndrome #coronavirus (#MERS-CoV) ‚Äì #Oman (@WHO, Mar.... https://t.co/n29eKSOIOW on @bloglovin"
73,2019-03-04 20:11:55+00:00,ironorehopper,"Middle East respiratory syndrome #coronavirus (#MERS-CoV) ‚Äì #Oman (@WHO, Mar. 4 ‚Äò19) https://t.co/w1E4e6YQF2"
74,2019-03-04 17:06:41+00:00,Oekaetchukoo,"I set out to make a virus model. Embellished with real diamonds to increase its value exponentially. üòÅ Not bad, not bad at all. #coronavirus @Julieru13 @karen_buttigieg @sarah1alexander @LualAyuen @KielyRooney @Heshah143 https://t.co/rj6IZbzihO"
75,2019-03-04 17:00:03+00:00,ironorehopper,"One New #MERS #Coronavirus Case reported by #Saudi Arabia (MoH, March 4 '19) https://t.co/EQgl5SAWgy on @bloglovin"
76,2019-03-04 15:55:25+00:00,ironorehopper,"One New #MERS #Coronavirus Case reported by #Saudi Arabia (MoH, March 4 '19) https://t.co/YfHYadoz3P"
77,2019-03-03 17:42:08+00:00,ironorehopper,"#Macao, two suspected imported cases of #MERS #Coronavirus tested negative... https://t.co/84zCrLRvrn on @bloglovin"
78,2019-03-03 17:42:08+00:00,ironorehopper,"Two New #MERS #Coronavirus Cases reported by #Saudi Arabia (MoH, March 3 '19) https://t.co/etkq0DFlw9 on @bloglovin"
79,2019-03-03 16:50:24+00:00,ironorehopper,"#Macao, two suspected imported cases of #MERS #Coronavirus tested negative for the virus (DoH, March 3 ‚Äò19) https://t.co/sjQ1DEqCGN"
80,2019-03-03 16:31:03+00:00,ironorehopper,"Two New #MERS #Coronavirus Cases reported by #Saudi Arabia (MoH, March 3 '19) https://t.co/lLQJ2N3wRM"
81,2019-03-02 20:11:51+00:00,lotzakids,"Changes Part 2, Or Aaron Gets Sick https://t.co/8NopLNrWdM #coronavirus #piethrowing #tobiidynavox #trisomy"
82,2019-03-02 17:30:09+00:00,ironorehopper,"One New #MERS #Coronavirus Case reported by #Saudi Arabia (MoH, March 2 '19) https://t.co/RQlw2L1sh1 on @bloglovin"
83,2019-03-02 16:22:01+00:00,ironorehopper,"One New #MERS #Coronavirus Case reported by #Saudi Arabia (MoH, March 2 '19) https://t.co/CzgsoZk6xW"
84,2019-03-01 20:04:01+00:00,lovevetmed,"FIP (Feline Infectious Peritonitis) represents a debilitating and fatal disease caused by FCoV (Feline Coronavirus).
https://t.co/tQTrBeOhmG

#article #blog #cats #FIP #coronavirus #veterinarymedicine #iloveveterinary #lovevetmed"
85,2019-03-01 15:54:27+00:00,ironorehopper,"One New #MERS #Coronavirus Case reported by #Saudi Arabia (MoH, March 1 '19) https://t.co/VZD1cLoJ1V"
86,2019-02-28 16:49:04+00:00,ironorehopper,"One New #MERS #Coronavirus Case reported by #Saudi Arabia (MoH, February 28 '19) https://t.co/WYa5Q9Szxh on @bloglovin"
87,2019-02-28 16:04:21+00:00,ironorehopper,"One New #MERS #Coronavirus Case reported by #Saudi Arabia (MoH, February 28 '19) https://t.co/R47sV9MGZ8"
88,2019-02-28 10:20:14+00:00,mbnewsindia,"‡¥ï‡µä‡¥±‡µã‡¥£ ‡¥µ‡µà‡¥±‡¥∏‡µç ‡¥¨‡¥æ‡¥ß ‡¥∏‡µç‡¥•‡¥ø‡¥∞‡µÄ‡¥ï‡¥∞‡¥ø‡¥ö‡µç‡¥ö‡µÅ; ‡¥∏‡µó‡¥¶‡¥ø‡¥Ø‡¥ø‡¥≤‡µç‚Äç ‡¥ú‡¥æ‡¥ó‡µç‡¥∞‡¥§‡¥æ ‡¥®‡¥ø‡¥∞‡µç‚Äç‡¥¶‡µá‡¥∂‡¥Ç
https://t.co/KIDPA8pm6T
#coronavirus https://t.co/44ooSI1Nek"
89,2019-02-27 17:38:29+00:00,ironorehopper,"#HK, Suspected #MERS #Coronavirus case reported (CHP, Feb. 27 ‚Äò19) https://t.co/j46xRexM80 on @bloglovin"
90,2019-02-27 16:48:28+00:00,ironorehopper,"#HK, Suspected #MERS #Coronavirus case reported (CHP, Feb. 27 ‚Äò19)
https://t.co/rstzCEhj4V"
91,2019-02-27 06:12:22+00:00,faakto,https://t.co/EkgqloCc8m #SaudiArabia #coronavirus #MERS-COv #Outbreak
92,2019-02-26 17:13:25+00:00,ironorehopper,Middle East respiratory syndrome #coronavirus (#MERS-CoV) ‚Äì #Saudi Arabia... https://t.co/iu2A03AbhX on @bloglovin
93,2019-02-26 16:36:29+00:00,ironorehopper,"Middle East respiratory syndrome #coronavirus (#MERS-CoV) ‚Äì #Saudi Arabia (@WHO, Feb. 26 ‚Äò19) https://t.co/atX2KqpRxd"
94,2019-02-26 16:09:26+00:00,ironorehopper,"One New #MERS #Coronavirus Case reported by #Saudi Arabia (MoH, February 26 '19) https://t.co/fC8Xf6x6RR on @bloglovin"
95,2019-02-26 15:56:43+00:00,ironorehopper,"One New #MERS #Coronavirus Case reported by #Saudi Arabia (MoH, February 26 '19) https://t.co/W3KHJnfuhI"
96,2019-02-25 16:20:03+00:00,ironorehopper,"One New #MERS #Coronavirus Case reported by #Saudi Arabia (MoH, February 25 '19) https://t.co/NQqbQm01Ju on @bloglovin"
97,2019-02-25 16:02:55+00:00,ironorehopper,"One New #MERS #Coronavirus Case reported by #Saudi Arabia (MoH, February 25 '19) https://t.co/ZTY9viAHcW"
98,2019-02-24 16:52:03+00:00,ironorehopper,"Two New #MERS #Coronavirus Cases reported by #Saudi Arabia (MoH, February 24... https://t.co/Cii9F5X3eK on @bloglovin"
99,2019-02-24 16:27:59+00:00,ironorehopper,"Two New #MERS #Coronavirus Cases reported by #Saudi Arabia (MoH, February 24 '19) https://t.co/gWqfbpVRQv"
100,2019-02-23 16:35:33+00:00,ironorehopper,"Three New #MERS #Coronavirus Cases reported by #Saudi Arabia (MoH, February... https://t.co/4cFXX5zrmv on @bloglovin"
101,2019-02-23 16:10:53+00:00,ironorehopper,"Three New #MERS #Coronavirus Cases reported by #Saudi Arabia (MoH, February 23 '19) https://t.co/YqvZgczJ8w"
102,2019-02-22 21:27:04+00:00,ironorehopper,"One New #MERS #Coronavirus Case reported by #Saudi Arabia (MoH, February 22 '19) https://t.co/5X9ZAammLA on @bloglovin"
103,2019-02-22 20:08:23+00:00,ironorehopper,"One New #MERS #Coronavirus Case reported by #Saudi Arabia (MoH, February 22 '19) https://t.co/7OOUyYmA3l"
104,2019-02-22 13:39:17+00:00,SmedSorensenLab,"No weekend plans? Read this: @FrontImmunol just published the ""Emerging Viruses: Host Immunity and Novel Therapeutic Interventions"" topic as an e-book. The articles cover #coronavirus, #flavivirus, #hantavirus, #influenza and #ebola viruses!
https://t.co/SCNIJXpvEO https://t.co/hkGBjj9bYO"
105,2019-02-22 13:37:50+00:00,sindhuvangeti,"Read now: @FrontImmunol just published the ""Emerging Viruses: Host Immunity and Novel Therapeutic Interventions"" topic as an e-book. The articles cover #coronavirus, #flavivirus, #hantavirus, #influenza and #ebola viruses! 

https://t.co/Gz7g1EadVq https://t.co/e2Nh5OZgYJ"
106,2019-02-21 21:37:27+00:00,AJRennekamp,Now @CellCellPress: Unexpected #Receptor Functional Mimicry Elucidates Activation of #Coronavirus #Fusion https://t.co/xht1e0EtbE #SARS #MERS #spike #glycoprotein #neutralizingantibodies #glycoproteomics #glycosylation
107,2019-02-21 16:51:31+00:00,ironorehopper,"Three New #MERS #Coronavirus Cases reported by #Saudi Arabia (MoH, February... https://t.co/BRSqucLaZA on @bloglovin"
108,2019-02-21 16:42:31+00:00,ironorehopper,"#HK, Two Suspected #MERS #Coronavirus cases reported (CHP, Feb. 21 ‚Äò19) https://t.co/LekFupEHNs"
109,2019-02-21 16:00:52+00:00,ironorehopper,"Three New #MERS #Coronavirus Cases reported by #Saudi Arabia (MoH, February 21 '19) https://t.co/dffk5VUFpn"
110,2019-02-21 11:21:15+00:00,almirza14,#coronavirus ÿ®ÿ≥ÿ®ÿ® ÿßŸÜÿ™ÿ¥ÿßÿ±Ÿá ÿßŸÑŸàÿßÿ≥ÿπ ŸÇÿ±ÿ±ÿ™ ÿßÿ≥ŸàŸä ÿ®ÿ≠ÿ´ ÿ®ÿ≥Ÿäÿ∑ ÿπŸÜŸá Ÿàÿ∑ŸÑÿπÿ™ ÿ®ÿßŸÑÿ™ÿßŸÑŸä üëáüèªüòÄ :
111,2019-02-20 17:40:46+00:00,ironorehopper,"#Interferon Regulatory Factor 3-Mediated Signaling Limits Middle-East Respiratory Syndrome (#MERS) #Coronavirus #Propagation in Cells from an Insectivorous #Bat (Viruses,¬†abstract) https://t.co/jXNPHukkny"
112,2019-02-20 17:26:08+00:00,ironorehopper,"One New #MERS #Coronavirus Case reported by #Saudi Arabia (MoH, February 20 '19) https://t.co/kGCaHXwqN5 on @bloglovin"
113,2019-02-20 16:47:50+00:00,ironorehopper,"One New #MERS #Coronavirus Case reported by #Saudi Arabia (MoH, February 20 '19) https://t.co/YmwsCplgoF"
114,2019-02-19 15:58:37+00:00,ironorehopper,"Four New #MERS #Coronavirus Cases reported by #Saudi Arabia (MoH, February 19... https://t.co/jx6uEOuAQC on @bloglovin"
115,2019-02-19 15:53:14+00:00,ironorehopper,"Four New #MERS #Coronavirus Cases reported by #Saudi Arabia (MoH, February 19 '19) https://t.co/LJScfpGIDI"
116,2019-02-19 09:54:03+00:00,ironorehopper,Potential Intermediate #Hosts for #Coronavirus Transmission: No Evidence of... https://t.co/aVNXfi4Cuh on @bloglovin
117,2019-02-19 08:46:44+00:00,ironorehopper,"Potential Intermediate #Hosts for #Coronavirus Transmission: No Evidence of Clade 2c Coronaviruses in Domestic #Livestock from #Ghana (Trop Med Infect Dis.,¬†abstract) https://t.co/FBqqwMwZnk"
118,2019-02-18 16:38:27+00:00,ironorehopper,"One New #MERS #Coronavirus Case reported by #Saudi Arabia (MoH, February 18 '19) https://t.co/HULaScDUt1 on @bloglovin"
119,2019-02-18 16:23:49+00:00,ironorehopper,"One New #MERS #Coronavirus Case reported by #Saudi Arabia (MoH, February 18 '19) https://t.co/qoPrbrfofE"
120,2019-02-17 22:50:44+00:00,MicrobesInfect,"21 #MERS cases detected across Saudi Arabia in one week.

12 patients were admitted to hospitals, 6 were quarantined, and 3 have since died.

https://t.co/a4yjIHrb7n #coronavirus https://t.co/K9rkG0d2hI"
121,2019-02-17 22:49:48+00:00,MicrobesInfect,"Four dead from #MERS virus in Oman.

The number of cases recorded this year has reached 10, which resulted in the 4 deaths.

https://t.co/qN8BFb87Uh #coronavirus https://t.co/7pPFFJXUUH"
122,2019-02-17 17:21:28+00:00,ironorehopper,"#HK, Two Suspected #MERS #Coronavirus cases reported (CHP, Feb. 17 ‚Äò19) https://t.co/y35LuV9DyY on @bloglovin"
123,2019-02-17 16:44:09+00:00,ironorehopper,"#HK, Two Suspected #MERS #Coronavirus cases reported (CHP, Feb. 17 ‚Äò19) https://t.co/WCIzN8y26M"
124,2019-02-16 20:06:05+00:00,ironorehopper,"Two New #MERS #Coronavirus Cases reported by #Saudi Arabia (MoH, February 16... https://t.co/jFX85FBMdZ on @bloglovin"
125,2019-02-16 20:04:47+00:00,ironorehopper,"Two New #MERS #Coronavirus Cases reported by #Saudi Arabia (MoH, February 16 '19) https://t.co/mZViBuZG3G"
126,2019-02-16 16:00:01+00:00,GDNonline,"Three patients died of Coronavirus in Saudi

https://t.co/MUelmCQTN6

#SaudiArabia #KSA #Coronavirus https://t.co/5Djvhw48Cy"
127,2019-02-16 12:18:10+00:00,_salimrashid,"ŸÖÿ≥ÿ™ÿ∫ÿ±ÿ® ÿßŸÑŸÜÿßÿ≥ ÿßŸÑŸÑŸä ÿ™ÿ≠ÿ∑ ÿßŸÑŸÖÿ¥ŸÉŸÑŸá ÿ®ÿ™ÿπŸÇŸäŸÖ ÿßŸÑŸÖÿ≥ÿ™ÿ¥ŸÅŸâ! Ÿäÿß ÿ£ÿÆŸä
ÿßŸÑŸÖÿ¥ŸÉŸÑÿ© ÿ¨ÿßŸäŸá ŸÖŸÜ ÿÆÿßÿ±ÿ¨ ÿßŸÑŸÖÿ≥ÿ™ÿ¥ŸÅŸâÿå Ÿàÿ™ŸÜŸÇŸÑŸá ÿπ ÿ∑ÿ±ŸäŸÇ ÿßŸÑÿπÿ∑ÿ≥ ŸàÿßŸÑÿ±ÿ∞ÿßÿ∞! ŸäÿπŸÜŸä ŸáŸÜÿß ŸÖÿ≥ÿ§ŸàŸÑÿ© ÿ¥ÿÆÿµŸäÿ© ÿ£ÿ´ÿ± ŸÖŸÜ ÿßŸÜŸáÿß ŸÖÿ≥ÿ§ŸàŸÑŸäÿ© ŸÖÿ≥ÿ™ÿ¥ŸÅŸâ! 
#ŸÖÿ™ŸÑÿßÿ≤ŸÖÿ©_ÿßŸÑÿ¥ÿ±ŸÇ_ÿßŸÑÿ£Ÿàÿ≥ÿ∑_ÿßŸÑÿ™ŸÜŸÅÿ≥Ÿäÿ©
#ŸÉŸàÿ±ŸàŸÜÿß
#Coronavirus"
128,2019-02-16 05:07:32+00:00,Nri_malayalee,"‡¥∏‡µó‡¥¶‡¥ø‡¥Ø‡¥ø‡µΩ ‡¥≠‡µÄ‡¥§‡¥ø ‡¥™‡¥∞‡¥§‡µç‡¥§‡¥ø ‡¥µ‡µÄ‡¥£‡µç‡¥ü‡µÅ‡¥Ç ‡¥ï‡µä‡¥±‡µã‡¥£ ‡¥µ‡µà‡¥±‡¥∏‡µç; ‡¥ú‡¥æ‡¥ó‡µç‡¥∞‡¥§‡¥æ ‡¥®‡¥ø‡¥∞‡µç‚Äç‡¥¶‡µá‡¥∂‡¥Ç ‡¥™‡µÅ‡¥±‡¥™‡µç‡¥™‡µÜ‡¥ü‡µÅ‡¥µ‡¥ø‡¥ö‡µç‡¥ö‡µç ‡¥Ö‡¥ß‡¥ø‡¥ï‡µÉ‡¥§‡µº

https://t.co/GDCwneYp0q

#cases #coronavirus #diagnosed  #Saudi #alert #"
129,2019-02-16 03:50:48+00:00,madhyamam,#coronavirus ‡¥∏‡µó‡¥¶‡¥ø‡¥Ø‡¥ø‡¥≤‡µç‚Äç ‡¥ï‡µä‡¥±‡µã‡¥£ ‡¥µ‡µà‡¥±‡¥∏‡µç: ‡¥í‡¥∞‡µÅ ‡¥Æ‡¥∞‡¥£‡¥Ç;¬† 24 ‡¥™‡µá‡¥∞‡µç‚Äç‡¥ï‡µç‡¥ï‡µç ‡¥∞‡µã‡¥ó‡¥Ç ‡¥∏‡µç‚Äã‡¥•‡¥ø‡¥∞‡µÄ‡¥ï‡¥∞‡¥ø‡¥ö‡µç‡¥ö‡µÅ https://t.co/Vin20l1HdX
130,2019-02-15 19:07:43+00:00,MediaOneTVLive,"‡¥∞‡µã‡¥ó‡¥Ç ‡¥¨‡¥æ‡¥ß‡¥ø‡¥ö‡µç‡¥ö‡¥µ‡¥∞‡¥ø‡¥≤‡µç‚Äç 65 ‡¥∂‡¥§‡¥Æ‡¥æ‡¥®‡¥Ç ‡¥™‡µá‡¥∞‡µÅ‡¥Ç ‡¥±‡¥ø‡¥Ø‡¥æ‡¥¶‡µç ‡¥™‡µç‡¥∞‡¥µ‡¥∂‡µç‡¥Ø‡¥Ø‡¥ø‡¥≤‡µÜ....
#Gulf #Saudi #CoronaVirus #ReadMore #Buzz https://t.co/oc03SOcHFp"
131,2019-02-15 17:41:06+00:00,ironorehopper,Middle East respiratory syndrome #coronavirus (#MERS-CoV) ‚Äì #Saudi Arabia... https://t.co/S1USlu8Fnq on @bloglovin
132,2019-02-15 16:40:05+00:00,ironorehopper,"One New #MERS #Coronavirus Case reported by #Saudi Arabia (MoH, February 15 '19) https://t.co/rETvrZlleu on @bloglovin"
133,2019-02-15 16:16:40+00:00,ironorehopper,"Middle East respiratory syndrome #coronavirus (#MERS-CoV) ‚Äì #Saudi Arabia (@WHO, Feb. 15 ‚Äò19) https://t.co/7PAL3My4CP"
134,2019-02-15 16:00:03+00:00,ironorehopper,"One New #MERS #Coronavirus Case reported by #Saudi Arabia (MoH, February 15 '19) https://t.co/4su69CYTVS"
135,2019-02-15 09:33:05+00:00,ironorehopper,"#HK, Suspected #MERS #Coronavirus case reported (CHP, Feb. 15 ‚Äò19) https://t.co/rg28o82TeR on @bloglovin"
136,2019-02-15 09:19:19+00:00,ironorehopper,"#HK, Suspected #MERS #Coronavirus case reported (CHP, Feb. 15 ‚Äò19) https://t.co/G9bk2O92Y1"
137,2019-02-14 17:16:09+00:00,ironorehopper,"#HK, Suspected #MERS #Coronavirus case reported (CHP, Feb. 14 ‚Äò19) https://t.co/rK5yko6VTW on @bloglovin"
138,2019-02-14 16:15:09+00:00,ironorehopper,"One New #MERS #Coronavirus Case reported by #Saudi Arabia (MoH, February 14 '19) https://t.co/7LPpgqh4ji on @bloglovin"
139,2019-02-14 16:08:20+00:00,ironorehopper,"#HK, Suspected #MERS #Coronavirus case reported (CHP, Feb. 14 ‚Äò19) https://t.co/B2J60xFVxc"
140,2019-02-14 15:54:56+00:00,ironorehopper,"One New #MERS #Coronavirus Case reported by #Saudi Arabia (MoH, February 14 '19) https://t.co/TqKctKMArJ"
141,2019-02-13 17:41:27+00:00,ironorehopper,"#Genetic Characterization of #MERS #Coronavirus, South #Korea, 2018 (Emerg... https://t.co/hShEMebuOD on @bloglovin"
142,2019-02-13 17:41:26+00:00,ironorehopper,"#HK, Suspected #MERS #Coronavirus case reported (CHP, Feb. 13 ‚Äò19) https://t.co/XqYCN7y5vI on @bloglovin"
143,2019-02-13 17:03:04+00:00,ironorehopper,"#Genetic Characterization of #MERS #Coronavirus, South #Korea, 2018 (Emerg Infect Dis.,¬†abstract) https://t.co/ibwmegQRTj"
144,2019-02-13 16:36:27+00:00,ironorehopper,"One New #MERS #Coronavirus Case reported by #Saudi Arabia (MoH, February 13 '19) https://t.co/AbMFyz8l4n on @bloglovin"
145,2019-02-13 16:36:12+00:00,ironorehopper,"#HK, Suspected #MERS #Coronavirus case reported (CHP, Feb. 13 ‚Äò19) https://t.co/lHfOi67t8J"
146,2019-02-13 16:13:16+00:00,ironorehopper,"One New #MERS #Coronavirus Case reported by #Saudi Arabia (MoH, February 13 '19) https://t.co/jLvTeFshOB"
147,2019-02-13 04:21:34+00:00,srschaecher,@JemimaBurden Looks like a #coronavirus
148,2019-02-12 20:26:50+00:00,faakto,https://t.co/EkgqloCc8m #SaudiArabia #MERS #coronavirus #OutbreakIntelligence
149,2019-02-12 19:06:16+00:00,DijkmanRonald,The final version of this master piece is finally online https://t.co/fEEmXtp3WC @eLife great job! @PhilipVkovski @ProfVolkerThiel #coronavirus #MERS
150,2019-02-12 17:08:31+00:00,ironorehopper,"Nine New #MERS #Coronavirus Cases reported by #Saudi Arabia (MoH, February 12... https://t.co/W4D1e8wv9q on @bloglovin"
151,2019-02-12 16:08:16+00:00,ironorehopper,"Nine New #MERS #Coronavirus Cases reported by #Saudi Arabia (MoH, February 12 '19) https://t.co/h9HD16tZpB"
152,2019-02-11 18:46:03+00:00,ironorehopper,"Middle East respiratory syndrome #coronavirus (#MERS-CoV) ‚Äì #Oman (@WHO, Feb.... https://t.co/3QKFAf1uEG on @bloglovin"
153,2019-02-11 17:32:02+00:00,ironorehopper,"Middle East respiratory syndrome #coronavirus (#MERS-CoV) ‚Äì #Oman (@WHO, Feb. 11 ‚Äò19) https://t.co/h6QHaNZ2KS"
154,2019-02-11 16:43:33+00:00,ironorehopper,"Seven New #MERS #Coronavirus Cases reported by #Saudi Arabia (MoH, February... https://t.co/S9Wpq5eBWZ on @bloglovin"
155,2019-02-11 16:09:21+00:00,ironorehopper,"Seven New #MERS #Coronavirus Cases reported by #Saudi Arabia (MoH, February 11 '19) https://t.co/qithTR1ILD"
156,2019-02-11 09:28:00+00:00,wam330,@MethodistHosp up with mom-can‚Äôt breathe. No echo of heart. #closedontheweekend #lungcancerpatient #coronavirus #MyChartsaid10pmFeb10
157,2019-02-11 04:50:08+00:00,wam330,@MethodistHosp Mom has been here since Friday am.  Cardio requested heart echo then. Still has not been done. #lungcancerpatient #coronavirus #walters1921
158,2019-02-10 18:00:00+00:00,GDNonline,"Seven new cases of coronavirus discovered as 30-year-old patient dies #SaudiArabia #coronavirus

https://t.co/xoDBbzqXfg https://t.co/I2VwbXForu"
159,2019-02-10 17:14:26+00:00,ironorehopper,"#MERS #Coronavirus, #Situation #Update, January 2019 (@WHO EMRO, edited) https://t.co/kA6EisuRZ9 on @bloglovin"
160,2019-02-10 17:14:26+00:00,ironorehopper,"Three New #MERS #Coronavirus Cases reported by #Saudi Arabia (MoH, February... https://t.co/m2H6hwKeIf on @bloglovin"
161,2019-02-10 16:32:17+00:00,ironorehopper,"#MERS #Coronavirus, #Situation #Update, January 2019 (@WHO EMRO, edited) https://t.co/WyX0b4rRrS"
162,2019-02-10 16:17:30+00:00,ironorehopper,"Three New #MERS #Coronavirus Cases reported by #Saudi Arabia (MoH, February 10 '19). https://t.co/ODtNO8ADo6"
163,2019-02-10 03:01:16+00:00,MicrobesInfect,"Saudi Arabia reported 7 #MERS-CoV cases, all of them linked to what appears to be a hospital-related outbreak in Wadi ad-Dawasir.

The country has reported a steady rise in MERS-CoV cases since the 1st of the year, with 40 reported so far.

https://t.co/vUMtBWJtff #coronavirus https://t.co/ouAwMDyGYX"
164,2019-02-09 19:01:09+00:00,thelonevirologi,#Coronavirus endoribonuclease activity in porcine epidemic diarrhea virus suppresses type I and type III interferon responses https://t.co/qbXdIzbt4k
165,2019-02-09 16:53:26+00:00,ironorehopper,"#HK, Suspected #MERS #Coronavirus case reported (CHP, Feb. 9 ‚Äò19) https://t.co/6DjxcKEluO on @bloglovin"
166,2019-02-09 16:25:14+00:00,ironorehopper,"#HK, Suspected #MERS #Coronavirus case reported (CHP, Feb. 9 ‚Äò19) https://t.co/P1Zk62tXJB"
167,2019-02-09 12:07:01+00:00,lovevetmed,"FIP (Feline Infectious Peritonitis) represents a debilitating and fatal disease caused by FCoV (Feline Coronavirus). 
https://t.co/tQTrBeOhmG

#article #blog #cats #FIP #coronavirus #veterinarymedicine #iloveveterinary #lovevetmed"
168,2019-02-08 17:36:04+00:00,ironorehopper,"#HK, Suspected #MERS #Coronavirus case reported (CHP, Feb. 8 ‚Äò19) https://t.co/l9nsEVb5c8 on @bloglovin"
169,2019-02-08 17:36:03+00:00,ironorehopper,"Seven New #MERS #Coronavirus Cases reported by #Saudi Arabia (MoH, February 8... https://t.co/509KCXXWLZ on @bloglovin"
170,2019-02-08 16:41:24+00:00,ironorehopper,"#HK, Suspected #MERS #Coronavirus case reported (CHP, Feb. 8 ‚Äò19) https://t.co/jJsD7veNcp"
171,2019-02-08 16:14:59+00:00,ironorehopper,"Seven New #MERS #Coronavirus Cases reported by #Saudi Arabia (MoH, February 8 '19) https://t.co/mXzLiFpwcH"
172,2019-02-08 09:00:01+00:00,GDNonline,"Twenty people diagnosed with coronavirus in Saudi

#KSA #Middleeast #coronavirus 

Read more: 
https://t.co/nHy8FA4gnf https://t.co/EbtpAe0wcM"
173,2019-02-07 17:23:08+00:00,ironorehopper,"#HK, Suspected #MERS #Coronavirus case reported (CHP, Feb. 7 ‚Äò19) https://t.co/r0f7SjcuEp"
174,2019-02-07 16:59:26+00:00,ironorehopper,"#HK, Suspected #MERS #Coronavirus case reported (CHP, Feb. 7 ‚Äò19) https://t.co/0P2znfbUwc on @bloglovin"
175,2019-02-07 16:59:26+00:00,ironorehopper,"Six New #MERS #Coronavirus Cases reported by #Saudi Arabia (MoH, February 7 '19) https://t.co/zq6yz78FJE on @bloglovin"
176,2019-02-07 16:37:43+00:00,ironorehopper,"#HK, Suspected #MERS #Coronavirus case reported (CHP, Feb. 7 ‚Äò19) 
https://t.co/FxpzDmIwsm"
177,2019-02-07 16:08:57+00:00,ironorehopper,"Six New #MERS #Coronavirus Cases reported by #Saudi Arabia (MoH, February 7 '19) https://t.co/XXujlFK8n5"
178,2019-02-07 06:05:14+00:00,faakto,https://t.co/EkgqloCc8m #SaudiArabia #coronavirus #outbreak
179,2019-02-06 10:36:08+00:00,ironorehopper,"Three New #MERS #Coronavirus Cases reported by #Saudi Arabia (MoH, February 6... https://t.co/QpWri9uDcY on @bloglovin"
180,2019-02-06 10:00:36+00:00,ironorehopper,"Three New #MERS #Coronavirus Cases reported by #Saudi Arabia (MoH, February 6 '19) https://t.co/ndGjmdcZeo"
181,2019-02-05 21:03:16+00:00,Fiscalpineda99,#CORONAVIRUS. Este virus recibe su nombre debido al aspecto que presentan sus viriones que asemejan a una corona solar (Proyecciones de superficie) cuando se observan al microscopio electr√≥nico. @DanielUribeF https://t.co/t8Z4HDuhvT
182,2019-02-05 20:06:01+00:00,lovevetmed,"FIP (Feline Infectious Peritonitis) represents a debilitating and fatal disease caused by FCoV (Feline Coronavirus).
https://t.co/tQTrBeOhmG

#article #blog #FIP #coronavirus #cat #disease #peritonitis #iloveveterinary #lovevetmed"
183,2019-02-05 16:13:30+00:00,ironorehopper,"Two New #MERS #Coronavirus Cases reported by #Saudi Arabia (MoH, February 5... https://t.co/ksUGy2MIoY on @bloglovin"
184,2019-02-05 15:58:56+00:00,ironorehopper,"Two New #MERS #Coronavirus Cases reported by #Saudi Arabia (MoH, February 5 '19) https://t.co/yLml7xWwRL"
185,2019-02-05 10:20:00+00:00,GDNonline,"Two people die after contracting coronavirus

#Oman #coronavirus 

Read more: 
https://t.co/vXCokiwugM https://t.co/CJk5G03eB2"
186,2019-02-04 16:47:31+00:00,ironorehopper,"#HK, Suspected #MERS #Coronavirus case reported (Feb. 4 ‚Äò19) https://t.co/1JXMTzjDPP on @bloglovin"
187,2019-02-04 16:47:30+00:00,ironorehopper,"Two New #MERS #Coronavirus Cases reported by #Saudi Arabia (MoH, February 4 '19) https://t.co/pWoChsZy8j on @bloglovin"
188,2019-02-04 16:06:13+00:00,ironorehopper,"#HK, Suspected #MERS #Coronavirus case reported (Feb. 4 ‚Äò19) https://t.co/zYmDQIu7Qc"
189,2019-02-04 15:56:41+00:00,ironorehopper,"Two New #MERS #Coronavirus Cases reported by #Saudi Arabia (MoH, February 4 '19) https://t.co/iCgklZUn33"
190,2019-02-04 13:55:39+00:00,AJRennekamp,Now Online @CellCellPress! from @veeslerlab #Structure /analysis of the #SARS &amp; #MERS #Coronavirus S #glycoproteins w/ #antibodies from human survivors sheds light into the mechanisms of #membrane #fusion and #neutralization https://t.co/SpvnMd3Hy7
191,2019-02-04 04:56:19+00:00,MicrobesInfect,"Saudi Arabia reported an additional four Middle East respiratory syndrome coronavirus (#MERS -CoV) infection, bringing the total to 20 cases in 2019.

https://t.co/dXfElfcKRA #coronavirus https://t.co/V32GCFYppX"
192,2019-02-03 17:32:09+00:00,ironorehopper,"Four New #MERS #Coronavirus Cases reported by #Saudi Arabia (MoH, February 3... https://t.co/fdAbxuT0y3 on @bloglovin"
193,2019-02-03 16:31:23+00:00,ironorehopper,"Four New #MERS #Coronavirus Cases reported by #Saudi Arabia (MoH, February 3 '19) https://t.co/vx1s9s84gM"
194,2019-02-03 01:57:34+00:00,sci_questions,How do you neutralize #MERS #coronavirus and the related mechanisms.. https://t.co/Hm8BtlhaZ8
195,2019-02-02 17:18:25+00:00,ironorehopper,"#HK, Two Suspected #MERS #Coronavirus cases reported (CHP, Feb. 2 ‚Äò19) https://t.co/6TzNKTKh9A on @bloglovin"
196,2019-02-02 16:18:35+00:00,ironorehopper,"#HK, Two Suspected #MERS #Coronavirus cases reported (CHP, Feb. 2 ‚Äò19) https://t.co/lqisfhlsHJ"
197,2019-02-02 16:18:29+00:00,ironorehopper,"One New #MERS #Coronavirus Case reported by #Saudi Arabia, 2nd (MoH, February... https://t.co/PY1yLPgCII on @bloglovin"
198,2019-02-02 15:56:43+00:00,ironorehopper,"One New #MERS #Coronavirus Case reported by #Saudi Arabia, 2nd (MoH, February 2 '19) https://t.co/J7hXrBozRJ"
199,2019-02-02 08:12:29+00:00,ironorehopper,"One New #MERS #Coronavirus Case reported by #Saudi Arabia (MoH, February 2 '19) https://t.co/AEcYmYBR7w on @bloglovin"
200,2019-02-02 07:34:25+00:00,ironorehopper,"One New #MERS #Coronavirus Case reported by #Saudi Arabia (MoH, February 2 '19) https://t.co/g2MA4VjSVj"
201,2019-02-02 07:27:24+00:00,faakto,https://t.co/EkgqloCc8m #SaudiArabia #outbreak #OutbreakIntelligence #MERSCov #coronavirus
202,2019-02-01 20:54:35+00:00,Jarecot,RT Structural analysis of the #SARS and #MERS #coronavirus S glycoproteins in complex with neutralizing #antibodies from human survivors sheds light into the mechanisms of membrane fusion &amp; neutralization - veeslerlab https://t.co/NXI5Tgz3oQ https://t.co/XDYtjF1b4K
203,2019-02-01 20:51:14+00:00,CellCellPress,Structural analysis of the #SARS and #MERS #coronavirus S glycoproteins in complex with neutralizing #antibodies from human survivors sheds light into the mechanisms of membrane fusion &amp; neutralization - @veeslerlab https://t.co/ZhJpqP3Si0 https://t.co/3kwGto3Apu
204,2019-01-31 19:40:27+00:00,ironorehopper,"Two New #MERS #Coronavirus Cases reported by #Saudi Arabia (MoH, January 31 '19) https://t.co/bU877BWzzF on @bloglovin"
205,2019-01-31 18:34:02+00:00,ironorehopper,"Two New #MERS #Coronavirus Cases reported by #Saudi Arabia (MoH, January 31 '19) https://t.co/M6ydequhu5"
206,2019-01-31 16:35:20+00:00,uwmnewsroom,Antibodies from patients who have survived SARS  show an unexpected defense tactic against the #coronavirus. Such research may help in efforts to find ways to prevent or treat the often deadly lung infection @veeslerlab https://t.co/Vy8X3WRtBX
207,2019-01-30 19:12:13+00:00,uncglobalhealth,"Want to learn more about #coronavirus? Curious about what this even is?
Join us as we host Dr. Timothy Sheahan of @UNCpublichealth this Friday, Feb. 1, at 8:30 a.m. in Bioinformatics 1131. And see the full list of our upcoming speakers: https://t.co/C2kQtzxw6M https://t.co/I8EPfUKou7"
208,2019-01-30 10:03:26+00:00,ironorehopper,"One New #MERS #Coronavirus Case reported by #Saudi Arabia (MoH, January 30 '19). https://t.co/NyFD4jjyap on @bloglovin"
209,2019-01-30 09:36:41+00:00,ironorehopper,"One New #MERS #Coronavirus Case reported by #Saudi Arabia (MoH, January 30 '19). https://t.co/AWs1ctKW5V"
210,2019-01-29 11:30:00+00:00,GDNonline,"Four people diagnosed with coronavirus in Oman #Oman #coronavirus

https://t.co/v498UOtX4U https://t.co/UTdYcpisM3"
211,2019-01-29 09:37:26+00:00,ironorehopper,"One New #MERS #Coronavirus Case reported by #Saudi Arabia (MoH, January 29 '19) https://t.co/von9mRK6a4 on @bloglovin"
212,2019-01-29 09:27:22+00:00,ironorehopper,"One New #MERS #Coronavirus Case reported by #Saudi Arabia (MoH, January 29 '19) https://t.co/6ZCyE4vriP"
213,2019-01-29 04:52:21+00:00,KeystoneSymp,Dr Malik Peiris @HKUniversity: Next #pandemic is likely to be a #coronavirus like #MERS. #VKSpandemic
214,2019-01-27 20:58:33+00:00,ironorehopper,#Prophylactic efficacy of a #human #mAb against #MERS #Coronavirus in the... https://t.co/fkRgJkqznl on @bloglovin
215,2019-01-27 20:17:00+00:00,ironorehopper,"#Prophylactic efficacy of a #human #mAb against #MERS #Coronavirus in the common marmoset (Antiviral Res.,¬†abstract) https://t.co/WOS6tewqCw"
216,2019-01-27 17:58:03+00:00,ironorehopper,"#HK, Suspected #MERS #Coronavirus case reported (CHP, Jan. 27 ‚Äò19) https://t.co/Kb0fNIgcte on @bloglovin"
217,2019-01-27 16:46:03+00:00,ironorehopper,"#HK, Suspected #MERS #Coronavirus case reported (CHP, Jan. 27 ‚Äò19) https://t.co/b1Y50j5OJ4"
218,2019-01-26 17:34:26+00:00,ironorehopper,"One New #MERS #Coronavirus Case reported by #Saudi Arabia (MoH, January 26 '19) https://t.co/A92A8QzxQ6 on @bloglovin"
219,2019-01-26 16:12:14+00:00,ironorehopper,"One New #MERS #Coronavirus Case reported by #Saudi Arabia (MoH, January 26 '19) https://t.co/Q7ctPG73iO"
220,2019-01-26 07:40:40+00:00,faakto,https://t.co/EkgqloCc8m #SaudiArabia #outbreak #coronavirus
221,2019-01-25 16:15:27+00:00,ironorehopper,"Two New #MERS #Coronavirus Cases reported by #Saudi Arabia (MoH, January 25 '19) https://t.co/9c3W9QXOib on @bloglovin"
222,2019-01-25 16:00:32+00:00,ironorehopper,"Two New #MERS #Coronavirus Cases reported by #Saudi Arabia (MoH, January 25 '19) https://t.co/XwsfdRPDuM"
223,2019-01-25 09:11:06+00:00,ironorehopper,What Have We Learned About #MERS #Coronavirus Emergence in #Humans? A... https://t.co/qHTSfsiL9A on @bloglovin
224,2019-01-25 08:46:27+00:00,ironorehopper,"What Have We Learned About #MERS #Coronavirus Emergence in #Humans? A Systematic Literature #Review (Vector Borne Zoo Dis.,¬†abstract) https://t.co/RHzjeCFr0n"
225,2019-01-23 17:23:30+00:00,ironorehopper,"#HK, Suspected #MERS #Coronavirus case reported (CHP, Jan. 23 ‚Äò19) https://t.co/uaz9WLyi0r on @bloglovin"
226,2019-01-23 16:18:20+00:00,ironorehopper,"#HK, Suspected #MERS #Coronavirus case reported (CHP, Jan. 23 ‚Äò19) https://t.co/CxlI0qK0PQ"
227,2019-01-22 09:41:15+00:00,ironorehopper,"One New #MERS #Coronavirus Case reported by #Saudi Arabia (MoH, January 22 '19) https://t.co/kiWM1DXxWG on @bloglovin"
228,2019-01-22 08:56:51+00:00,ironorehopper,"One New #MERS #Coronavirus Case reported by #Saudi Arabia (MoH, January 22 '19) https://t.co/8U9MvXaMH5"
229,2019-01-21 19:30:09+00:00,ironorehopper,"#HK, Suspected #MERS #Coronavirus case reported (CHP, Jan. 21 ‚Äò19) https://t.co/8ivpy7A9sj on @bloglovin"
230,2019-01-21 18:40:03+00:00,ironorehopper,"#HK, Suspected #MERS #Coronavirus case reported (CHP, Jan. 21 ‚Äò19) https://t.co/ovBKoCqn5O"
231,2019-01-20 08:55:08+00:00,ironorehopper,"One New #MERS #Coronavirus Case reported by #Saudi Arabia (MoH, January 20 '19) https://t.co/p2pGqO9hTQ on @bloglovin"
232,2019-01-20 08:35:44+00:00,ironorehopper,"One New #MERS #Coronavirus Case reported by #Saudi Arabia (MoH, January 20 '19) https://t.co/NsTvM6G6ue"
233,2019-01-18 23:05:38+00:00,thelonevirologi,Determination of host proteins composing the microenvironment of #coronavirus replicase complexes by proximity-labeling https://t.co/Fo1gVbMJOA
234,2019-01-18 17:14:03+00:00,ironorehopper,"#HK, Suspected #MERS #Coronavirus cases reported (CHP, Jan. 18 ‚Äò19) https://t.co/k8rSqJzay0 on @bloglovin"
235,2019-01-18 16:14:00+00:00,ironorehopper,"#HK, Suspected #MERS #Coronavirus cases reported (CHP, Jan. 18 ‚Äò19) https://t.co/oxha4QVuHW"
236,2019-01-18 14:23:03+00:00,JavierPazEsq,"Aeropuertos como focos de infecci√≥n: #Gripe, #VRS, #Adenovirus, #Rinovirus y #Coronavirus en 10 % de las superficies analizadas

¬øD√≥nde hay m√°s? Curioso: no el ba√±o, sino la bandeja de pl√°stico de la zona de seguridad

Importante: #HigieneDeManos frecuente
https://t.co/SSfbtILbSn"
237,2019-01-16 17:40:04+00:00,ironorehopper,Middle East respiratory syndrome #coronavirus (#MERS-CoV) ‚Äì #Saudi Arabia... https://t.co/sfnWrwtrrD on @bloglovin
238,2019-01-16 16:21:26+00:00,ironorehopper,"Middle East respiratory syndrome #coronavirus (#MERS-CoV) ‚Äì #Saudi Arabia (@WHO, Jan. 16 ‚Äò19) https://t.co/6TCBTouXYM"
239,2019-01-15 17:16:33+00:00,ironorehopper,"One New #MERS #Coronavirus Case reported by #Saudi Arabia (MoH, January 15 '19). https://t.co/wdjrM7Vvls on @bloglovin"
240,2019-01-15 17:16:32+00:00,ironorehopper,"#HK, Suspected #MERS #Coronavirus case reported (CHP, Jan. 15 ‚Äò19) https://t.co/UtjvfxK3E0 on @bloglovin"
241,2019-01-15 16:39:41+00:00,ironorehopper,"One New #MERS #Coronavirus Case reported by #Saudi Arabia (MoH, January 15 '19). https://t.co/bLofML1yue"
242,2019-01-15 16:32:44+00:00,ironorehopper,"#HK, Suspected #MERS #Coronavirus case reported (CHP, Jan. 15 ‚Äò19) https://t.co/T3NnS3DZ76"
243,2019-01-14 16:52:30+00:00,ironorehopper,"#HK, Suspected #MERS #Coronavirus case reported, 2nd (CHP, Jan. 14 ‚Äò19) https://t.co/bLBSLuFGcJ on @bloglovin"
244,2019-01-14 16:36:50+00:00,ironorehopper,"#HK, Suspected #MERS #Coronavirus case reported, 2nd (CHP, Jan. 14 ‚Äò19) https://t.co/l9Bw5OZZ3S"
245,2019-01-14 08:39:27+00:00,ironorehopper,"#HK, Suspected #MERS #Coronavirus case reported (CHP, Jan. 14 ‚Äò19) https://t.co/XaqvMCPCEr on @bloglovin"
246,2019-01-14 07:35:02+00:00,ironorehopper,"#HK, Suspected #MERS #Coronavirus case reported (CHP, Jan. 14 ‚Äò19) https://t.co/kYsGvtlKLs"
247,2019-01-12 14:38:10+00:00,Azeria64Azeria,Le point sur l'#√©pid√©mie de #MERS depuis 2012              #Coronavirus https://t.co/NA0ZH0qZmt
248,2019-01-12 13:55:07+00:00,DijkmanRonald,A Nice way to start the Holidays! Congrats @PhilipVkovski!!! https://t.co/fEEmXtGEOa @eLife #coronavirus #proteomics #BioID #BigData #virology
249,2019-01-12 08:39:53+00:00,Virusemergentes,"Desde 2012 el #coronavirus #MERS ha producido 2279 casos confirmados y 806 muertes, la mayor√≠a en oriente medio. Los √∫ltimos casos notificados ocurrieron en diciembre (5 casos), todos en Arabia Saud√≠. Se trata de una zoonosis cuyo reservorio principal es el dromedario. https://t.co/8bS2Cm8CZ9"
250,2019-01-11 02:40:06+00:00,thelonevirologi,TMPRSS2 contributes to virus spread and immunopathology in the airways of murine models after #coronavirus infection https://t.co/URv4plv4ZN
251,2019-01-10 17:46:07+00:00,ironorehopper,"#MERS #Coronavirus, #Situation #Update, December 2018 (@WHO EMRO, Jan. 10 ‚Äò19) https://t.co/r9do3e5sN1 on @bloglovin"
252,2019-01-10 17:04:54+00:00,ironorehopper,"#MERS #Coronavirus, #Situation #Update, December 2018 (@WHO EMRO, Jan. 10 ‚Äò19) https://t.co/RBq0qyw792"
253,2019-01-10 09:07:35+00:00,ironorehopper,"Acute #respiratory #infection in #human #DPP4-transgenic mice infected with #MERS #coronavirus (J Virol.,¬†abstract) https://t.co/ZrIg0AnzKp"
254,2019-01-10 09:04:57+00:00,ironorehopper,"TMPRSS2 contributes to #virus spread and #immunopathology in the #airways of murine models after #coronavirus infection (J Virol.,¬†abstract) https://t.co/mzF7POK5R8"
255,2019-01-09 17:10:09+00:00,ironorehopper,"One New #MERS #Coronavirus Case reported by #Saudi Arabia (MoH, January 9 '19) https://t.co/G749lhTbsx on @bloglovin"
256,2019-01-09 16:09:32+00:00,ironorehopper,"One New #MERS #Coronavirus Case reported by #Saudi Arabia (MoH, January 9 '19) https://t.co/dUU2yesxgm"
257,2019-01-09 13:40:54+00:00,sci_questions,A collaboration with @newprof1 and other #Coronavirus enthusiasts. #virology https://t.co/jxGbNjTMHN
258,2019-01-07 16:38:16+00:00,ironorehopper,"#HK, Suspected #MERS #Coronavirus case reported (CHP, Jan. 7 ‚Äò19) https://t.co/TnlLem4MCG"
259,2019-01-07 16:21:23+00:00,ironorehopper,"One New #MERS #Coronavirus Case reported by #Saudi Arabia (MoH, January 7 '19) https://t.co/WYNBrP6KdJ"
260,2019-01-07 12:03:45+00:00,infectiousdis12,"#RespiratoryInfectiousDiseases 
A variety of #pathogens cause different types of respiratory infections. #Rhinovirus, #coronavirus and #adenovirus @respiratorysyncytialvirus (RSV) 
Join us in #infectiousdiseasescongress2019 during #June 12-13,2019 in #bangkok #thailand https://t.co/djNfImxj3t"
261,2019-01-06 16:48:37+00:00,ironorehopper,"#HK, Suspected #MERS #Coronavirus cases reported (CHP, Jan. 6 ‚Äò19) https://t.co/fOiQ0R93Mv on @bloglovin"
262,2019-01-06 16:38:13+00:00,ironorehopper,"#HK, Suspected #MERS #Coronavirus cases reported (CHP, Jan. 6 ‚Äò19) https://t.co/WpLssFYxBe"
263,2019-01-06 03:01:01+00:00,OsmehSaStavom,"@3coolkatz @KittyHavenNY @BarryFIPWarrior I am here to help if Barry does not answer on time.üëç 

First of all, there is hudge difference between #CoronaVirus and #FIP.

Let me find something and send you.üòä"
264,2019-01-05 23:32:30+00:00,bbbrieger,https://t.co/GY3R9jUG5p Genetic Evidence of Middle East Respiratory Syndrome #Coronavirus (#MERS-Cov) and Widespread #Seroprevalence among #Camels in #Kenya
265,2019-01-05 10:09:41+00:00,ProfMustafaB,"#SaudiNursingWindow #HealthcareProfessionals #NurseAlert #ClinicalNursing #NursingResearch #EmergencyNursing #NursingEducation #NursingLeadership #PostgraduateNursing #CallForPapers #MERS #CoronaVirus Deadline 22Feb2019
#GuestEditor #DrAbbasAlMutair

https://t.co/Q7lzx0GVOE https://t.co/XasCF2jgoY"
266,2019-01-05 10:07:30+00:00,ironorehopper,#Scope and extent of #healthcare-associated #MERS #coronavirus #transmission... https://t.co/R9Ei68sJzG on @bloglovin
267,2019-01-05 09:30:32+00:00,ironorehopper,"#Scope and extent of #healthcare-associated #MERS #coronavirus #transmission during two contemporaneous #outbreaks in #Riyadh, #Saudi Arabia, 2017 (Infect Control Hosp Epidemiol.,¬†abstract) https://t.co/30kPV6BER3"
268,2019-01-04 16:13:46+00:00,ironorehopper,"One New #MERS #Coronavirus Case reported by #Saudi Arabia (MoH, January 4 '19) https://t.co/EuRrZa0lHS"
269,2019-01-04 09:28:06+00:00,Vaccinologist,"Though #respiratory symptoms are the major clinical feature of Middle East respiratory syndrome #coronavirus (MERS-CoV), Korean experts note diarrhea could be added to the #MERS criteria. https://t.co/VHNhr21OTH https://t.co/dxy1dCB9qV"
270,2019-01-03 16:48:04+00:00,ironorehopper,"#HK, Suspected #MERS #Coronavirus case reported (CHP, Jan. 3 ‚Äò19) https://t.co/rnRez2I3pd on @bloglovin"
271,2019-01-03 16:06:28+00:00,ironorehopper,"#HK, Suspected #MERS #Coronavirus case reported (CHP, Jan. 3 ‚Äò19) https://t.co/dZ256LwnpP"
272,2019-01-02 19:13:52+00:00,Azeria64Azeria,Diversit√© des #Coronavirus port√©s par les Chauves-souris                                      #bats #CoV https://t.co/FAen8Ncnu5
273,2019-01-01 16:13:03+00:00,ironorehopper,"One New #MERS #Coronavirus Case reported by #Saudi Arabia (MoH, January 1 '19) https://t.co/5dP06pIPFj"
